"","var","var_label"
"1","folio","Folio (id encuesta)"
"2","Sector","Sector "
"3","Subsector","Subsector"
"4","Rutempresa","Rut"
"5","Dv","dv"
"6","Nombreempresa","Nombre empresa"
"7","Nombredelproyecto","Nombre del proyecto"
"8","Regióndelproyecto","Región del proyecto"
"9","region_planilla","No label"
"10","Etapadelproyecto1Enobras","Etapa del proyecto:
1: En obras de construcción.
2: Finalizaron obras de constru"
"11","estado_contacto","1: Empresa contactada entrega datos informante del proyecto.                    "
"12","estado_encuesta","
1: En proceso de agendar
2: Agendada
3: Aplicada parcialmente
4: Aplicada y fin"
"13","nombre_encuestador","Nombre encuestador que aplica instrumento"
"14","pregunta_consentimiento","¿Acepta participar de la encuesta?"
"15","nombre_informante","Nombre informante"
"16","cargo_informante","Cargo informante"
"17","correo_informante","Correo electrónico informante"
"18","telefono_informante","Telefono informante"
"19","nombre_proyecto","Nombre del proyecto indicado por el informante idóneo"
"20","region_opera_15","Opera en Arica y Parinacota"
"21","region_opera_1","Opera en Tarapacá"
"22","region_opera_2","Opera en Antofagasta"
"23","region_opera_3","Opera en Atacama"
"24","region_opera_4","Opera en Coquimbo"
"25","region_opera_5","Opera en Valparaíso"
"26","region_opera_13","Opera en Metropolitana"
"27","region_opera_6","Opera en O'higgins"
"28","region_opera_7","Opera en Maule"
"29","region_opera_16","Opera en Ñuble"
"30","region_opera_8","Opera en Biobío"
"31","region_opera_9","Opera en La Araucanía"
"32","region_opera_14","Opera en Los Ríos"
"33","region_opera_10","Opera en Los Lagos"
"34","region_opera_11","Opera en Aysén"
"35","region_opera_12","Opera en Magallanes"
"36","comuna_opera_texto","Comuna que concentra la mayor parte de las obras"
"37","monto_inversion_pesos","Presupuesto para ejecutar las obras o monto de contrato (millones de pesos)"
"38","monto_inversion_dolares","Presupuesto para ejecutar las obras o monto de contrato (millones de dólares)"
"39","monto_inversion_NoResponde","Informante NO RESPONDE sobre monto presupuesto o contrato"
"40","monto_inversion_NoSabe","Informante NO SABE sobre monto presupuesto o contrato"
"41","es_informante_idoneo","¿Maneja información de puestos de trabajo y procesos de reclutamiento?"
"42","etapa_proyecto","Etapa del proyecto informado en proceso de verificación"
"43","a1_ano","¿En qué año proyecta que van a empezar las contrataciones para el proyecto?"
"44","a1_mes","¿Y en qué mes? "
"45","a2_ano","¿Y en qué año proyecta que van a concluir las obras de construcción?"
"46","a2_mes","¿Y en qué mes? "
"47","e1_nt_contratados_total_prox12m","Etapa1 Cantidad de trabajadores que se requerirán primeros 12 meses (contrato di"
"48","e1_nt_subcontrato_total_prox12m","Etapa1 Cantidad de trabajadores que se requerirán primeros 12 meses (subcontrato"
"49","e1_nt_contratados_prox12m_1","Etapa1 No. trab. Contrato directo prox 12 meses: Encargados de obra (administrad"
"50","e1_nt_subcontrato_prox12m_1","Etapa1 No. trab. Subcontrato prox 12 meses:Encargados de obra (administradores d"
"51","e1_nt_contratados_prox12m_2","Etapa1 No. trab. Contrato directo prox 12 meses: Capataces"
"52","e1_nt_subcontrato_prox12m_2","Etapa1 No. trab. Subcontrato prox 12 meses:Capataces"
"53","e1_nt_contratados_prox12m_3","Etapa1 No. trab. Contrato directo prox 12 meses: Electrónicos, electromecánicos "
"54","e1_nt_subcontrato_prox12m_3","Etapa1 No. trab. Subcontrato prox 12 meses:Electrónicos, electromecánicos e inst"
"55","e1_nt_contratados_prox12m_4","Etapa1 No. trab. Contrato directo prox 12 meses: Laboratoristas"
"56","e1_nt_subcontrato_prox12m_4","Etapa1 No. trab. Subcontrato prox 12 meses:Laboratoristas"
"57","e1_nt_contratados_prox12m_5","Etapa1 No. trab. Contrato directo prox 12 meses: Electricistas (técnicos y/o mae"
"58","e1_nt_subcontrato_prox12m_5","Etapa1 No. trab. Subcontrato prox 12 meses:Electricistas (técnicos y/o maestros)"
"59","e1_nt_contratados_prox12m_6","Etapa1 No. trab. Contrato directo prox 12 meses: Ingenieros, prevencionistas, ar"
"60","e1_nt_subcontrato_prox12m_6","Etapa1 No. trab. Subcontrato prox 12 meses:Ingenieros, prevencionistas, arqueólo"
"61","e1_nt_contratados_prox12m_7","Etapa1 No. trab. Contrato directo prox 12 meses: Operadores planta asfalto y de "
"62","e1_nt_subcontrato_prox12m_7","Etapa1 No. trab. Subcontrato prox 12 meses:Operadores planta asfalto y de áridos"
"63","e1_nt_contratados_prox12m_8","Etapa1 No. trab. Contrato directo prox 12 meses: Operadores de maquinaria pesada"
"64","e1_nt_subcontrato_prox12m_8","Etapa1 No. trab. Subcontrato prox 12 meses:Operadores de maquinaria pesada (moto"
"65","e1_nt_contratados_prox12m_9","Etapa1 No. trab. Contrato directo prox 12 meses: Operadores de maquinaria livian"
"66","e1_nt_subcontrato_prox12m_9","Etapa1 No. trab. Subcontrato prox 12 meses:Operadores de maquinaria liviana (gra"
"67","e1_nt_contratados_prox12m_10","Etapa1 No. trab. Contrato directo prox 12 meses: Trazadores"
"68","e1_nt_subcontrato_prox12m_10","Etapa1 No. trab. Subcontrato prox 12 meses:Trazadores"
"69","e1_nt_contratados_prox12m_11","Etapa1 No. trab. Contrato directo prox 12 meses: Mecánicos"
"70","e1_nt_subcontrato_prox12m_11","Etapa1 No. trab. Subcontrato prox 12 meses:Mecánicos"
"71","e1_nt_contratados_prox12m_12","Etapa1 No. trab. Contrato directo prox 12 meses: Soldadores"
"72","e1_nt_subcontrato_prox12m_12","Etapa1 No. trab. Subcontrato prox 12 meses:Soldadores"
"73","e1_nt_contratados_prox12m_13","Etapa1 No. trab. Contrato directo prox 12 meses: Enfierradores"
"74","e1_nt_subcontrato_prox12m_13","Etapa1 No. trab. Subcontrato prox 12 meses:Enfierradores"
"75","e1_nt_contratados_prox12m_14","Etapa1 No. trab. Contrato directo prox 12 meses: Albañiles"
"76","e1_nt_subcontrato_prox12m_14","Etapa1 No. trab. Subcontrato prox 12 meses:Albañiles"
"77","e1_nt_contratados_prox12m_15","Etapa1 No. trab. Contrato directo prox 12 meses: Concreteros"
"78","e1_nt_subcontrato_prox12m_15","Etapa1 No. trab. Subcontrato prox 12 meses:Concreteros"
"79","e1_nt_contratados_prox12m_16","Etapa1 No. trab. Contrato directo prox 12 meses: Carpinteros"
"80","e1_nt_subcontrato_prox12m_16","Etapa1 No. trab. Subcontrato prox 12 meses:Carpinteros"
"81","e1_nt_contratados_prox12m_17","Etapa1 No. trab. Contrato directo prox 12 meses: Pintores"
"82","e1_nt_subcontrato_prox12m_17","Etapa1 No. trab. Subcontrato prox 12 meses:Pintores"
"83","e1_nt_contratados_prox12m_18","Etapa1 No. trab. Contrato directo prox 12 meses: Baldoseros y ceramistas"
"84","e1_nt_subcontrato_prox12m_18","Etapa1 No. trab. Subcontrato prox 12 meses:Baldoseros y ceramistas"
"85","e1_nt_contratados_prox12m_19","Etapa1 No. trab. Contrato directo prox 12 meses: Tuberos y operadores de termofu"
"86","e1_nt_subcontrato_prox12m_19","Etapa1 No. trab. Subcontrato prox 12 meses:Tuberos y operadores de termofusión"
"87","e1_nt_contratados_prox12m_20","Etapa1 No. trab. Contrato directo prox 12 meses: Sanitarios y gásfiteres"
"88","e1_nt_subcontrato_prox12m_20","Etapa1 No. trab. Subcontrato prox 12 meses:Sanitarios y gásfiteres"
"89","e1_nt_contratados_prox12m_21","Etapa1 No. trab. Contrato directo prox 12 meses: Instaladores de gas"
"90","e1_nt_subcontrato_prox12m_21","Etapa1 No. trab. Subcontrato prox 12 meses:Instaladores de gas"
"91","e1_nt_contratados_prox12m_22","Etapa1 No. trab. Contrato directo prox 12 meses: Otros maestros de primera y seg"
"92","e1_nt_subcontrato_prox12m_22","Etapa1 No. trab. Subcontrato prox 12 meses:Otros maestros de primera y segunda"
"93","e1_nt_contratados_prox12m_23","Etapa1 No. trab. Contrato directo prox 12 meses: Buzos"
"94","e1_nt_subcontrato_prox12m_23","Etapa1 No. trab. Subcontrato prox 12 meses:Buzos"
"95","e1_nt_contratados_prox12m_24","Etapa1 No. trab. Contrato directo prox 12 meses: Bodegueros y cardcheckers"
"96","e1_nt_subcontrato_prox12m_24","Etapa1 No. trab. Subcontrato prox 12 meses:Bodegueros y cardcheckers"
"97","e1_nt_contratados_prox12m_25","Etapa1 No. trab. Contrato directo prox 12 meses: Jornales, ayudantes y señaleros"
"98","e1_nt_subcontrato_prox12m_25","Etapa1 No. trab. Subcontrato prox 12 meses:Jornales, ayudantes y señaleros"
"99","e1_falto_pt","Etapa1: ¿Faltó algún puesto de trabajo importante para la construcción del proye"
"100","e1_nombre_pt1_extra_prox12m","Etapa1, Puesto 1 faltante: Nombre del puesto de trabajo"
"101","e1_tareas_pt1_extra_prox12m","Etapa1, Puesto 1 faltante: Principales tareas"
"102","e1_nt_cd_pt1_extra_prox12m","Etapa1, Puesto 1 faltante: Trabajadores contratados directamente"
"103","e1_nt_subc_pt1_extra_prox12m","Etapa1, Puesto 1 faltante: Trabajadores subcontratados "
"104","e1_nombre_pt2_extra_prox12m","Etapa1, Puesto 2 faltante: Nombre del puesto de trabajo"
"105","e1_tareas_pt2_extra_prox12m","Etapa1, Puesto 2 faltante: Principales tareas"
"106","e1_nt_cd_pt2_extra_prox12m","Etapa1, Puesto 2 faltante: Trabajadores contratados directamente"
"107","e1_nt_subc_pt2_extra_prox12m","Etapa1, Puesto 2 faltante: Trabajadores subcontratados "
"108","e1_nombre_pt3_extra_prox12m","Etapa1, Puesto 3 faltante: Nombre del puesto de trabajo"
"109","e1_tareas_pt3_extra_prox12m","Etapa1, Puesto 3 faltante: Principales tareas"
"110","e1_nt_cd_pt3_extra_prox12m","Etapa1, Puesto 3 faltante: Trabajadores contratados directamente"
"111","e1_nt_subc_pt3_extra_prox12m","Etapa1, Puesto 3 faltante: Trabajadores subcontratados "
"112","e1_nombre_pt4_extra_prox12m","Etapa1, Puesto 4 faltante: Nombre del puesto de trabajo"
"113","e1_tareas_pt4_extra_prox12m","Etapa1, Puesto 4 faltante: Principales tareas"
"114","e1_nt_cd_pt4_extra_prox12m","Etapa1, Puesto 4 faltante: Trabajadores contratados directamente"
"115","e1_nt_subc_pt4_extra_prox12m","Etapa1, Puesto 4 faltante: Trabajadores subcontratados "
"116","e1_nombre_pt5_extra_prox12m","Etapa1, Puesto 5 faltante: Nombre del puesto de trabajo"
"117","e1_tareas_pt5_extra_prox12m","Etapa1, Puesto 5 faltante: Principales tareas"
"118","e1_nt_cd_pt5_extra_prox12m","Etapa1, Puesto 5 faltante: Trabajadores contratados directamente"
"119","e1_nt_subc_pt5_extra_prox12m","Etapa1, Puesto 5 faltante: Trabajadores subcontratados "
"120","e1_nombre_pt6_extra_prox12m","Etapa1, Puesto 6 faltante: Nombre del puesto de trabajo"
"121","e1_tareas_pt6_extra_prox12m","Etapa1, Puesto 6 faltante: Principales tareas"
"122","e1_nt_cd_pt6_extra_prox12m","Etapa1, Puesto 6 faltante: Trabajadores contratados directamente"
"123","e1_nt_subc_pt6_extra_prox12m","Etapa1, Puesto 6 faltante: Trabajadores subcontratados "
"124","b1_ano","¿En qué año comenzaron las obras del proyecto?"
"125","b1_mes","¿Y en qué mes?"
"126","b1_estado_avance","¿Cuál es el estado de avance de las obras en términos porcentuales? (estimación)"
"127","b2_ano","¿Y en qué año proyecta que van a concluir las obras de construcción que están a "
"128","b2_mes","¿Y en qué mes?"
"129","e2_nt_contratados_total_hoy","Etapa2 No. trab. Contrato directo hoy Total"
"130","e2_nt_contratados_mujeres_hoy","Etapa2 No. trab. Contrato directo hoy Mujeres"
"131","e2_nt_contratados_jovenes_hoy","Etapa2 No. trab. Contrato directo hoy Jóvenes"
"132","e2_nt_subcontrato_total_hoy","Etapa2 No. trab. Subcontrato hoy Total"
"133","e2_nt_subcontrato_mujeres_hoy","Etapa2 No. trab. Subcontrato hoy Mujeres"
"134","e2_nt_subcontrato_jovenes_hoy","Etapa2 No. trab. Subcontrato hoy Jóvenes"
"135","e2_nt_contratados_total_prox12m","Etapa2 No. trab. Contrato directo prox 12 meses Total"
"136","e2_nt_subcontrato_total_prox12m","Etapa2 No. trab. Subcontrato prox 12 meses Total"
"137","e2_nt_cd_hoy_1","Etapa2 No. trab. Contrato directo hoy: Encargados de obra (administradores de ob"
"138","e2_nt_subc_hoy_1","Etapa2 No. trab. Subcontrato hoy:Encargados de obra (administradores de obra, je"
"139","e2_nt_cd_prox12m_1","Etapa2 No. trab. Contrato directo prox 12 meses: Encargados de obra (administrad"
"140","e2_nt_subc_prox12m_1","Etapa2 No. trab. Subcontrato prox 12 meses:Encargados de obra (administradores d"
"141","e2_nt_cd_hoy_2","Etapa2 No. trab. Contrato directo hoy: Capataces"
"142","e2_nt_subc_hoy_2","Etapa2 No. trab. Subcontrato hoy:Capataces"
"143","e2_nt_cd_prox12m_2","Etapa2 No. trab. Contrato directo prox 12 meses: Capataces"
"144","e2_nt_subc_prox12m_2","Etapa2 No. trab. Subcontrato prox 12 meses:Capataces"
"145","e2_nt_cd_hoy_3","Etapa2 No. trab. Contrato directo hoy: Electrónicos, electromecánicos e instrume"
"146","e2_nt_subc_hoy_3","Etapa2 No. trab. Subcontrato hoy:Electrónicos, electromecánicos e instrumentista"
"147","e2_nt_cd_prox12m_3","Etapa2 No. trab. Contrato directo prox 12 meses: Electrónicos, electromecánicos "
"148","e2_nt_subc_prox12m_3","Etapa2 No. trab. Subcontrato prox 12 meses:Electrónicos, electromecánicos e inst"
"149","e2_nt_cd_hoy_4","Etapa2 No. trab. Contrato directo hoy: Laboratoristas"
"150","e2_nt_subc_hoy_4","Etapa2 No. trab. Subcontrato hoy:Laboratoristas"
"151","e2_nt_cd_prox12m_4","Etapa2 No. trab. Contrato directo prox 12 meses: Laboratoristas"
"152","e2_nt_subc_prox12m_4","Etapa2 No. trab. Subcontrato prox 12 meses:Laboratoristas"
"153","e2_nt_cd_hoy_5","Etapa2 No. trab. Contrato directo hoy: Electricistas (técnicos y/o maestros)"
"154","e2_nt_subc_hoy_5","Etapa2 No. trab. Subcontrato hoy:Electricistas (técnicos y/o maestros)"
"155","e2_nt_cd_prox12m_5","Etapa2 No. trab. Contrato directo prox 12 meses: Electricistas (técnicos y/o mae"
"156","e2_nt_subc_prox12m_5","Etapa2 No. trab. Subcontrato prox 12 meses:Electricistas (técnicos y/o maestros)"
"157","e2_nt_cd_hoy_6","Etapa2 No. trab. Contrato directo hoy: Ingenieros, prevencionistas, arqueólogos,"
"158","e2_nt_subc_hoy_6","Etapa2 No. trab. Subcontrato hoy:Ingenieros, prevencionistas, arqueólogos, ambie"
"159","e2_nt_cd_prox12m_6","Etapa2 No. trab. Contrato directo prox 12 meses: Ingenieros, prevencionistas, ar"
"160","e2_nt_subc_prox12m_6","Etapa2 No. trab. Subcontrato prox 12 meses:Ingenieros, prevencionistas, arqueólo"
"161","e2_nt_cd_hoy_7","Etapa2 No. trab. Contrato directo hoy: Operadores planta asfalto y de áridos"
"162","e2_nt_subc_hoy_7","Etapa2 No. trab. Subcontrato hoy:Operadores planta asfalto y de áridos"
"163","e2_nt_cd_prox12m_7","Etapa2 No. trab. Contrato directo prox 12 meses: Operadores planta asfalto y de "
"164","e2_nt_subc_prox12m_7","Etapa2 No. trab. Subcontrato prox 12 meses:Operadores planta asfalto y de áridos"
"165","e2_nt_cd_hoy_8","Etapa2 No. trab. Contrato directo hoy: Operadores de maquinaria pesada (motonive"
"166","e2_nt_subc_hoy_8","Etapa2 No. trab. Subcontrato hoy:Operadores de maquinaria pesada (motoniveladora"
"167","e2_nt_cd_prox12m_8","Etapa2 No. trab. Contrato directo prox 12 meses: Operadores de maquinaria pesada"
"168","e2_nt_subc_prox12m_8","Etapa2 No. trab. Subcontrato prox 12 meses:Operadores de maquinaria pesada (moto"
"169","e2_nt_cd_hoy_9","Etapa2 No. trab. Contrato directo hoy: Operadores de maquinaria liviana (gravill"
"170","e2_nt_subc_hoy_9","Etapa2 No. trab. Subcontrato hoy:Operadores de maquinaria liviana (gravilladora "
"171","e2_nt_cd_prox12m_9","Etapa2 No. trab. Contrato directo prox 12 meses: Operadores de maquinaria livian"
"172","e2_nt_subc_prox12m_9","Etapa2 No. trab. Subcontrato prox 12 meses:Operadores de maquinaria liviana (gra"
"173","e2_nt_cd_hoy_10","Etapa2 No. trab. Contrato directo hoy: Trazadores"
"174","e2_nt_subc_hoy_10","Etapa2 No. trab. Subcontrato hoy:Trazadores"
"175","e2_nt_cd_prox12m_10","Etapa2 No. trab. Contrato directo prox 12 meses: Trazadores"
"176","e2_nt_subc_prox12m_10","Etapa2 No. trab. Subcontrato prox 12 meses:Trazadores"
"177","e2_nt_cd_hoy_11","Etapa2 No. trab. Contrato directo hoy: Mecánicos"
"178","e2_nt_subc_hoy_11","Etapa2 No. trab. Subcontrato hoy:Mecánicos"
"179","e2_nt_cd_prox12m_11","Etapa2 No. trab. Contrato directo prox 12 meses: Mecánicos"
"180","e2_nt_subc_prox12m_11","Etapa2 No. trab. Subcontrato prox 12 meses:Mecánicos"
"181","e2_nt_cd_hoy_12","Etapa2 No. trab. Contrato directo hoy: Soldadores"
"182","e2_nt_subc_hoy_12","Etapa2 No. trab. Subcontrato hoy:Soldadores"
"183","e2_nt_cd_prox12m_12","Etapa2 No. trab. Contrato directo prox 12 meses: Soldadores"
"184","e2_nt_subc_prox12m_12","Etapa2 No. trab. Subcontrato prox 12 meses:Soldadores"
"185","e2_nt_cd_hoy_13","Etapa2 No. trab. Contrato directo hoy: Enfierradores"
"186","e2_nt_subc_hoy_13","Etapa2 No. trab. Subcontrato hoy:Enfierradores"
"187","e2_nt_cd_prox12m_13","Etapa2 No. trab. Contrato directo prox 12 meses: Enfierradores"
"188","e2_nt_subc_prox12m_13","Etapa2 No. trab. Subcontrato prox 12 meses:Enfierradores"
"189","e2_nt_cd_hoy_14","Etapa2 No. trab. Contrato directo hoy: Albañiles"
"190","e2_nt_subc_hoy_14","Etapa2 No. trab. Subcontrato hoy:Albañiles"
"191","e2_nt_cd_prox12m_14","Etapa2 No. trab. Contrato directo prox 12 meses: Albañiles"
"192","e2_nt_subc_prox12m_14","Etapa2 No. trab. Subcontrato prox 12 meses:Albañiles"
"193","e2_nt_cd_hoy_15","Etapa2 No. trab. Contrato directo hoy: Concreteros"
"194","e2_nt_subc_hoy_15","Etapa2 No. trab. Subcontrato hoy:Concreteros"
"195","e2_nt_cd_prox12m_15","Etapa2 No. trab. Contrato directo prox 12 meses: Concreteros"
"196","e2_nt_subc_prox12m_15","Etapa2 No. trab. Subcontrato prox 12 meses:Concreteros"
"197","e2_nt_cd_hoy_16","Etapa2 No. trab. Contrato directo hoy: Carpinteros"
"198","e2_nt_subc_hoy_16","Etapa2 No. trab. Subcontrato hoy:Carpinteros"
"199","e2_nt_cd_prox12m_16","Etapa2 No. trab. Contrato directo prox 12 meses: Carpinteros"
"200","e2_nt_subc_prox12m_16","Etapa2 No. trab. Subcontrato prox 12 meses:Carpinteros"
"201","e2_nt_cd_hoy_17","Etapa2 No. trab. Contrato directo hoy: Pintores"
"202","e2_nt_subc_hoy_17","Etapa2 No. trab. Subcontrato hoy:Pintores"
"203","e2_nt_cd_prox12m_17","Etapa2 No. trab. Contrato directo prox 12 meses: Pintores"
"204","e2_nt_subc_prox12m_17","Etapa2 No. trab. Subcontrato prox 12 meses:Pintores"
"205","e2_nt_cd_hoy_18","Etapa2 No. trab. Contrato directo hoy: Baldoseros y ceramistas"
"206","e2_nt_subc_hoy_18","Etapa2 No. trab. Subcontrato hoy:Baldoseros y ceramistas"
"207","e2_nt_cd_prox12m_18","Etapa2 No. trab. Contrato directo prox 12 meses: Baldoseros y ceramistas"
"208","e2_nt_subc_prox12m_18","Etapa2 No. trab. Subcontrato prox 12 meses:Baldoseros y ceramistas"
"209","e2_nt_cd_hoy_19","Etapa2 No. trab. Contrato directo hoy: Tuberos y operadores de termofusión"
"210","e2_nt_subc_hoy_19","Etapa2 No. trab. Subcontrato hoy:Tuberos y operadores de termofusión"
"211","e2_nt_cd_prox12m_19","Etapa2 No. trab. Contrato directo prox 12 meses: Tuberos y operadores de termofu"
"212","e2_nt_subc_prox12m_19","Etapa2 No. trab. Subcontrato prox 12 meses:Tuberos y operadores de termofusión"
"213","e2_nt_cd_hoy_20","Etapa2 No. trab. Contrato directo hoy: Sanitarios y gásfiteres"
"214","e2_nt_subc_hoy_20","Etapa2 No. trab. Subcontrato hoy:Sanitarios y gásfiteres"
"215","e2_nt_cd_prox12m_20","Etapa2 No. trab. Contrato directo prox 12 meses: Sanitarios y gásfiteres"
"216","e2_nt_subc_prox12m_20","Etapa2 No. trab. Subcontrato prox 12 meses:Sanitarios y gásfiteres"
"217","e2_nt_cd_hoy_21","Etapa2 No. trab. Contrato directo hoy: Instaladores de gas"
"218","e2_nt_subc_hoy_21","Etapa2 No. trab. Subcontrato hoy:Instaladores de gas"
"219","e2_nt_cd_prox12m_21","Etapa2 No. trab. Contrato directo prox 12 meses: Instaladores de gas"
"220","e2_nt_subc_prox12m_21","Etapa2 No. trab. Subcontrato prox 12 meses:Instaladores de gas"
"221","e2_nt_cd_hoy_22","Etapa2 No. trab. Contrato directo hoy: Otros maestros de primera y segunda"
"222","e2_nt_subc_hoy_22","Etapa2 No. trab. Subcontrato hoy:Otros maestros de primera y segunda"
"223","e2_nt_cd_prox12m_22","Etapa2 No. trab. Contrato directo prox 12 meses: Otros maestros de primera y seg"
"224","e2_nt_subc_prox12m_22","Etapa2 No. trab. Subcontrato prox 12 meses:Otros maestros de primera y segunda"
"225","e2_nt_cd_hoy_23","Etapa2 No. trab. Contrato directo hoy: Buzos"
"226","e2_nt_subc_hoy_23","Etapa2 No. trab. Subcontrato hoy:Buzos"
"227","e2_nt_cd_prox12m_23","Etapa2 No. trab. Contrato directo prox 12 meses: Buzos"
"228","e2_nt_subc_prox12m_23","Etapa2 No. trab. Subcontrato prox 12 meses:Buzos"
"229","e2_nt_cd_hoy_24","Etapa2 No. trab. Contrato directo hoy: Bodegueros y cardcheckers"
"230","e2_nt_subc_hoy_24","Etapa2 No. trab. Subcontrato hoy:Bodegueros y cardcheckers"
"231","e2_nt_cd_prox12m_24","Etapa2 No. trab. Contrato directo prox 12 meses: Bodegueros y cardcheckers"
"232","e2_nt_subc_prox12m_24","Etapa2 No. trab. Subcontrato prox 12 meses:Bodegueros y cardcheckers"
"233","e2_nt_cd_hoy_25","Etapa2 No. trab. Contrato directo hoy: Jornales, ayudantes y señaleros"
"234","e2_nt_subc_hoy_25","Etapa2 No. trab. Subcontrato hoy:Jornales, ayudantes y señaleros"
"235","e2_nt_cd_prox12m_25","Etapa2 No. trab. Contrato directo prox 12 meses: Jornales, ayudantes y señaleros"
"236","e2_nt_subc_prox12m_25","Etapa2 No. trab. Subcontrato prox 12 meses:Jornales, ayudantes y señaleros"
"237","e2_falto_pt","Etapa2: ¿Faltó algún puesto de trabajo importante para la construcción del proye"
"238","e2_nombre_pt1_extra","Etapa2, Puesto 1 faltante: Nombre del puesto de trabajo"
"239","e2_tareas_pt1_extra","Etapa2, Puesto 1 faltante: Principales tareas"
"240","e2_nt_cd_hoy_pt1_extra","Etapa2, Puesto 1 faltante: Trabajadores contratados directamente"
"241","e2_nt_subc_hoy_pt1_extra","Etapa2, Puesto 1 faltante: Trabajadores subcontratados "
"242","e2_nt_cd_prox12m_pt1_extra","Etapa2, Puesto 1 faltante: Demanda adicional próx. 12 meses trabajadores contrat"
"243","e2_nt_subc_prox12m_pt1_extra","Etapa2, Puesto 1 faltante: Demanda adicional próx. 12 meses trabajadores subcont"
"244","e2_nombre_pt2_extra","Etapa2, Puesto 2 faltante: Nombre del puesto de trabajo"
"245","e2_tareas_pt2_extra","Etapa2, Puesto 2 faltante: Principales tareas"
"246","e2_nt_cd_hoy_pt2_extra","Etapa2, Puesto 2 faltante: Trabajadores contratados directamente"
"247","e2_nt_subc_hoy_pt2_extra","Etapa2, Puesto 2 faltante: Trabajadores subcontratados "
"248","e2_nt_cd_prox12m_pt2_extra","Etapa2, Puesto 2 faltante: Demanda adicional próx. 12 meses trabajadores contrat"
"249","e2_nt_subc_prox12m_pt2_extra","Etapa2, Puesto 2 faltante: Demanda adicional próx. 12 meses trabajadores subcont"
"250","e2_nombre_pt3_extra","Etapa2, Puesto 3 faltante: Nombre del puesto de trabajo"
"251","e2_tareas_pt3_extra","Etapa2, Puesto 3 faltante: Principales tareas"
"252","e2_nt_cd_hoy_pt3_extra","Etapa2, Puesto 3 faltante: Trabajadores contratados directamente"
"253","e2_nt_subc_hoy_pt3_extra","Etapa2, Puesto 3 faltante: Trabajadores subcontratados "
"254","e2_nt_cd_prox12m_pt3_extra","Etapa2, Puesto 3 faltante: Demanda adicional próx. 12 meses trabajadores contrat"
"255","e2_nt_subc_prox12m_pt3_extra","Etapa2, Puesto 3 faltante: Demanda adicional próx. 12 meses trabajadores subcont"
"256","e2_nombre_pt4_extra","Etapa2, Puesto 4 faltante: Nombre del puesto de trabajo"
"257","e2_tareas_pt4_extra","Etapa2, Puesto 4 faltante: Principales tareas"
"258","e2_nt_cd_hoy_pt4_extra","Etapa2, Puesto 4 faltante: Trabajadores contratados directamente"
"259","e2_nt_subc_hoy_pt4_extra","Etapa2, Puesto 4 faltante: Trabajadores subcontratados "
"260","e2_nt_cd_prox12m_pt4_extra","Etapa2, Puesto 4 faltante: Demanda adicional próx. 12 meses trabajadores contrat"
"261","e2_nt_subc_prox12m_pt4_extra","Etapa2, Puesto 4 faltante: Demanda adicional próx. 12 meses trabajadores subcont"
"262","e2_nombre_pt5_extra","Etapa2, Puesto 5 faltante: Nombre del puesto de trabajo"
"263","e2_tareas_pt5_extra","Etapa2, Puesto 5 faltante: Principales tareas"
"264","e2_nt_cd_hoy_pt5_extra","Etapa2, Puesto 5 faltante: Trabajadores contratados directamente"
"265","e2_nt_subc_hoy_pt5_extra","Etapa2, Puesto 5 faltante: Trabajadores subcontratados "
"266","e2_nt_cd_prox12m_pt5_extra","Etapa2, Puesto 5 faltante: Demanda adicional próx. 12 meses trabajadores contrat"
"267","e2_nt_subc_prox12m_pt5_extra","Etapa2, Puesto 5 faltante: Demanda adicional próx. 12 meses trabajadores subcont"
"268","e2_nombre_pt6_extra","Etapa2, Puesto 6 faltante: Nombre del puesto de trabajo"
"269","e2_tareas_pt6_extra","Etapa2, Puesto 6 faltante: Principales tareas"
"270","e2_nt_cd_hoy_pt6_extra","Etapa2, Puesto 6 faltante: Trabajadores contratados directamente"
"271","e2_nt_subc_hoy_pt6_extra","Etapa2, Puesto 6 faltante: Trabajadores subcontratados "
"272","e2_nt_cd_prox12m_pt6_extra","Etapa2, Puesto 6 faltante: Demanda adicional próx. 12 meses trabajadores contrat"
"273","e2_nt_subc_prox12m_pt6_extra","Etapa2, Puesto 6 faltante: Demanda adicional próx. 12 meses trabajadores subcont"
"274","e1_experiencia_previa_regional","¿Tiene experiencia en la región desarrollando proyectos u obras similares al pro"
"275","e1_contratacion","¿Tuvo vacantes o contrató personal durante los últimos 12 meses?"
"276","e2_contratacion","¿Tuvo vacantes o contrató personal nuevo durante los últimos 12 meses para la ej"
"277","dificultades_1","Escasez de postulantes en la región "
"278","dificultades_2","Candidatos sin competencias o habilidades técnicas necesarias"
"279","dificultades_3","Candidatos sin licencias o certificaciones requeridas"
"280","dificultades_4","Falta de experiencia laboral"
"281","dificultades_5","Condiciones laborales no son aceptadas"
"282","dificultades_6","Otra razón"
"283","dificultades_7","No, ninguna dificultad"
"284","n_puestos_dificultades","¿En cuántos puestos de trabajo tuvo dificultades para llenar sus vacantes?"
"285","nombre_puesto_1","Selección de lista nombre puesto 1 (1 a 26)"
"286","nombre_otro_puesto_1","Texto abierto de selección 26: otro puesto de trabajo 1"
"287","nombre_puesto_2","Selección de lista nombre puesto 2 (1 a 26)"
"288","nombre_otro_puesto_2","Texto abierto de selección 26: otro puesto de trabajo 2"
"289","nombre_puesto_3","Selección de lista nombre puesto 3 (1 a 26)"
"290","nombre_otro_puesto_3","Texto abierto de selección 26: otro puesto de trabajo 3"
"291","nombre_puesto_4","Selección de lista nombre puesto 4 (1 a 26)"
"292","nombre_otro_puesto_4","Texto abierto de selección 26: otro puesto de trabajo 4"
"293","nombre_puesto_5","Selección de lista nombre puesto 5 (1 a 26)"
"294","nombre_otro_puesto_5","Texto abierto de selección 26: otro puesto de trabajo 5"
"295","nombre_detalle_otro_puesto_1","Otro puesto 1, Nombre detalle: ¿Cree que es necesario especificar con más detall"
"296","tareas_otro_puesto_1","Otro puesto 1, Tareas: ¿Cree que es necesario especificar con más detalle el car"
"297","nombre_detalle_otro_puesto_2","Otro puesto 2, Nombre detalle: ¿Cree que es necesario especificar con más detall"
"298","tareas_otro_puesto_2","Otro puesto 2, Tareas: ¿Cree que es necesario especificar con más detalle el car"
"299","nombre_detalle_otro_puesto_3","Otro puesto 3, Nombre detalle: ¿Cree que es necesario especificar con más detall"
"300","tareas_otro_puesto_3","Otro puesto 3, Tareas: ¿Cree que es necesario especificar con más detalle el car"
"301","nombre_detalle_otro_puesto_4","Otro puesto 4, Nombre detalle: ¿Cree que es necesario especificar con más detall"
"302","tareas_otro_puesto_4","Otro puesto 4, Tareas: ¿Cree que es necesario especificar con más detalle el car"
"303","nombre_detalle_otro_puesto_5","Otro puesto 5, Nombre detalle: ¿Cree que es necesario especificar con más detall"
"304","tareas_otro_puesto_5","Otro puesto 5, Tareas: ¿Cree que es necesario especificar con más detalle el car"
"305","experiencia_puesto_1","Indique la experiencia que solicita la empresa al momento de realizar el proceso"
"306","experiencia_puesto_2","Indique la experiencia que solicita la empresa al momento de realizar el proceso"
"307","experiencia_puesto_3","Indique la experiencia que solicita la empresa al momento de realizar el proceso"
"308","experiencia_puesto_4","Indique la experiencia que solicita la empresa al momento de realizar el proceso"
"309","experiencia_puesto_5","Indique la experiencia que solicita la empresa al momento de realizar el proceso"
"310","educ_puesto_1","Indique el nivel educativo que solicita la empresa al momento de realizar el pro"
"311","educ_puesto_2","Indique el nivel educativo que solicita la empresa al momento de realizar el pro"
"312","educ_puesto_3","Indique el nivel educativo que solicita la empresa al momento de realizar el pro"
"313","educ_puesto_4","Indique el nivel educativo que solicita la empresa al momento de realizar el pro"
"314","educ_puesto_5","Indique el nivel educativo que solicita la empresa al momento de realizar el pro"
"315","certificacion_licencia_puesto_1","Indique si su empresa solicita certificación, licencia o exámenes especiales al "
"316","glosa_licencia_puesto_1","Glosa de certificación, licencia o exámenes especiales puesto 1"
"317","certificacion_licencia_puesto_2","Indique si su empresa solicita certificación, licencia o exámenes especiales al "
"318","glosa_licencia_puesto_2","Glosa de certificación, licencia o exámenes especiales puesto 2"
"319","certificacion_licencia_puesto_3","Indique si su empresa solicita certificación, licencia o exámenes especiales al "
"320","glosa_licencia_puesto_3","Glosa de certificación, licencia o exámenes especiales puesto 3"
"321","certificacion_licencia_puesto_4","Indique si su empresa solicita certificación, licencia o exámenes especiales al "
"322","glosa_licencia_puesto_4","Glosa de certificación, licencia o exámenes especiales puesto 4"
"323","certificacion_licencia_puesto_5","Indique si su empresa solicita certificación, licencia o exámenes especiales al "
"324","glosa_licencia_puesto_5","Glosa de certificación, licencia o exámenes especiales puesto 5"
"325","n_vacantes_puesto_1","Indique el número total estimado de vacantes que tuvo en los últimos 12 meses pu"
"326","n_vacantes_puesto_2","Indique el número total estimado de vacantes que tuvo en los últimos 12 meses pu"
"327","n_vacantes_puesto_3","Indique el número total estimado de vacantes que tuvo en los últimos 12 meses pu"
"328","n_vacantes_puesto_4","Indique el número total estimado de vacantes que tuvo en los últimos 12 meses pu"
"329","n_vacantes_puesto_5","Indique el número total estimado de vacantes que tuvo en los últimos 12 meses pu"
"330","principal_dificultad_puesto_1","Principal dificultad que ha tenido para llenar sus vacantes puesto 1"
"331","glosa_otra_puesto_1","Glosa Otra principal dificultad que ha tenido para llenar sus vacantes puesto 1"
"332","principal_dificultad_puesto_2","Principal dificultad que ha tenido para llenar sus vacantes puesto 2"
"333","glosa_otra_puesto_2","Glosa Otra principal dificultad que ha tenido para llenar sus vacantes puesto 2"
"334","principal_dificultad_puesto_3","Principal dificultad que ha tenido para llenar sus vacantes puesto 3"
"335","glosa_otra_puesto_3","Glosa Otra principal dificultad que ha tenido para llenar sus vacantes puesto 3"
"336","principal_dificultad_puesto_4","Principal dificultad que ha tenido para llenar sus vacantes puesto 4"
"337","glosa_otra_puesto_4","Glosa Otra principal dificultad que ha tenido para llenar sus vacantes puesto 4"
"338","principal_dificultad_puesto_5","Principal dificultad que ha tenido para llenar sus vacantes puesto 5"
"339","glosa_otra_puesto_5","Glosa Otra principal dificultad que ha tenido para llenar sus vacantes puesto 5"
"340","sin_educS_c_reclutamiento_1","Sin educ. superior: Traspaso de trabajadores de la misma constructora desde otra"
"341","con_educS_c_reclutamiento_1","Con educ. superior: Traspaso de trabajadores de la misma constructora desde otra"
"342","sin_educS_c_reclutamiento_2","Sin educ. superior: Diario o radio"
"343","con_educS_c_reclutamiento_2","Con educ. superior: Diario o radio"
"344","sin_educS_c_reclutamiento_3","Sin educ. superior: Plataforma web de empleo pagada (trabajando.com, laborum, li"
"345","con_educS_c_reclutamiento_3","Con educ. superior: Plataforma web de empleo pagada (trabajando.com, laborum, li"
"346","sin_educS_c_reclutamiento_4","Sin educ. superior: Plataforma web privada gratuita (Yapo u otra)  (exluyendo re"
"347","con_educS_c_reclutamiento_4","Con educ. superior: Plataforma web privada gratuita (Yapo u otra)  (exluyendo re"
"348","sin_educS_c_reclutamiento_5","Sin educ. superior: Redes sociales (facebook, twitter, instagram, etc.)"
"349","con_educS_c_reclutamiento_5","Con educ. superior: Redes sociales (facebook, twitter, instagram, etc.)"
"350","sin_educS_c_reclutamiento_6","Sin educ. superior: Bolsa Nacional de Empleo (BNE)"
"351","con_educS_c_reclutamiento_6","Con educ. superior: Bolsa Nacional de Empleo (BNE)"
"352","sin_educS_c_reclutamiento_7","Sin educ. superior: Oficina Municipal de Información Laboral (OMIL)"
"353","con_educS_c_reclutamiento_7","Con educ. superior: Oficina Municipal de Información Laboral (OMIL)"
"354","sin_educS_c_reclutamiento_8","Sin educ. superior: Redes de profesionales o egresados (mailing list)"
"355","con_educS_c_reclutamiento_8","Con educ. superior: Redes de profesionales o egresados (mailing list)"
"356","sin_educS_c_reclutamiento_9","Sin educ. superior: Recomendaciones de trabajadores de la empresa u otros actore"
"357","con_educS_c_reclutamiento_9","Con educ. superior: Recomendaciones de trabajadores de la empresa u otros actore"
"358","sin_educS_c_reclutamiento_10","Sin educ. superior: Contratación de empresas de reclutamiento"
"359","con_educS_c_reclutamiento_10","Con educ. superior: Contratación de empresas de reclutamiento"
"360","sin_educS_c_reclutamiento_11","Sin educ. superior: Intermediadores o enganchadores"
"361","con_educS_c_reclutamiento_11","Con educ. superior: Intermediadores o enganchadores"
"362","sin_educS_c_reclutamiento_12","Sin educ. superior: Avisos en las inmediaciones de la empresa o banco de Curricu"
"363","con_educS_c_reclutamiento_12","Con educ. superior: Avisos en las inmediaciones de la empresa o banco de Curricu"
"364","sin_educS_c_reclutamiento_13","Sin educ. superior: Redes personales del empleador"
"365","con_educS_c_reclutamiento_13","Con educ. superior: Redes personales del empleador"
"366","sin_educS_c_reclutamiento_14","Sin educ. superior: Otro canal"
"367","con_educS_c_reclutamiento_14","Con educ. superior: Otro canal"
"368","sin_educS_c_reclut_14_texto","No label"
"369","con_educS_c_reclut_14_texto","No label"
"370","sin_educS_c_reclutamiento_15","Sin educ. superior: No aplica"
"371","con_educS_c_reclutamiento_15","Con educ. superior: No aplica"
"372","capacitacion_ultimos_12m_general","Empresa capacitó a trabajadores durante últimos 12 meses (no considerar induccio"
"373","capacitacion_ultimos_12meses_1","Operativo inicial/básico (jornal, ayudante, señalero, alarife)"
"374","capacitacion_ultimos_12meses_2","Operativo avanzado y especialista (maestro de primera y de segunda, operadores d"
"375","capacitacion_ultimos_12meses_3","Encargado y líder de equipo (capataz, supervisor, inspector certificador, instru"
"376","capacitacion_ultimos_12meses_4","Profesionales y técnicos de nivel superior (ingenieros, prevencionistas, topógra"
"377","fuentes_financiamiento_1","Financiamiento vía franquicia tributaria"
"378","fuentes_financiamiento_2","Programa público de capacitación (FOSIS, MINEDUC, CORFO, Bono empresa y Negocio,"
"379","fuentes_financiamiento_3","Recursos propios de la empresa"
"380","fuentes_financiamiento_4","Beca de institución privada"
"381","fuentes_financiamiento_5","Mutual de seguridad / Instituto de Seguridad Laboral (ISL)"
"382","fuentes_financiamiento_6","Otra"
"383","fuentes_financiamiento_6_texto","No label"
"384","fuentes_financiamiento_7","No sabe"
"385","inversion_capacitacion","¿Tiene pensado invertir en la capacitación de algún grupo de trabajadores para m"
"386","no_inversion_capacitacion","¿Por qué no?"
"387","no_inversion_capacitacion_texto","Otra razón de no inversión capacitación: texto"
"388","capacitacion_grupo_ocupacional","¿Podría señalar en qué grupo ocupacional se desempeñan los trabajadores que cons"
"389","competencias1_grupo_prioritario","Competencias básicas (aquellas esenciales para desenvolverse en la vida adulta, "
"390","competencias2_grupo_prioritario","Competencias técnicas (aquellas específicas a un oficio concreto)"
"391","competencias3_grupo_prioritario","Competencias en tecnologías de la información (aplicadas a la utilización de sis"
"392","competencias4_grupo_prioritario","Competencias conductuales (relacionadas a comportamientos y actitudes observable"
"393","competencias5_grupo_prioritario","Higiene, salud y seguridad ocupacional"
"394","competencias6_grupo_prioritario","Otras competencias"
"395","competencias1_grupo_prior_texto","No label"
"396","competencias2_grupo_prior_texto","No label"
"397","competencias3_grupo_prior_texto","No label"
"398","competencias4_grupo_prior_texto","No label"
"399","competencias5_grupo_prior_texto","No label"
"400","competencias6_grupo_prior_texto","No label"
"401","capacitacion_abierta_texto","¿Le gustaría agregar algo más relativo a la capacitación de sus trabajadores?"
"402","conocimiento_programas_1","Subsidio al Empleo (Línea Regresa, Contrata, Subsidio Empleo Joven y Bono Trabaj"
"403","conocimiento_programas_2","Ley de Protección al Empleo "
"404","conocimiento_programas_3","Sistema Nacional de Certificación de Competencias Laborales – ChileValora"
"405","conocimiento_programas_4","Franquicia Tributaria"
"406","conocimiento_programas_5","Bolsa Nacional de Empleo (BNE)"
"407","conocimiento_programas_6","Ferias Laborales de SENCE/MINTRAB"
"408","conocimiento_programas_7","Oficinas Municipales de Información Laboral (OMIL)"
"409","acceso_datos_funcionarios","Consentimiento para que SENCE use los datos"
"410","recibir_apoyo_1","Reclutamiento de trabajadores (Oficinas Municipales de Información Laboral y Eje"
"411","recibir_apoyo_2","Acceso a Franquicia Tributaria, capacitación en general y subsidios a la contrat"
"412","recibir_apoyo_3","Certificación de competencias laborales a través del Sistema Nacional de Certifi"
"413","recibir_apoyo_4","Otro"
"414","recibir_apoyo_4_texto","Otro:¿cuál?"
"415","ser_contactado","Querer ser contactado por SENCE"
"416","apoyo_contacto_1","Reclutamiento de trabajadores (Oficinas Municipales de Información Laboral y Eje"
"417","apoyo_contacto_2","Acceso a Franquicia Tributaria, capacitación en general y subsidios a la contrat"
"418","apoyo_contacto_3","Certificación de competencias laborales a través del Sistema Nacional de Certifi"
"419","apoyo_contacto_4","Otro"
"420","apoyo_contacto_4_texto","Otro:¿cuál?"
"421","dificultades_6_texto","No label"
"422","region_que_levanta","Región que levantó la encuesta"
"423","multiregion","No label"
"424","region_operacion","Región"
